<?xml version="1.0" encoding="UTF-8"?>
<feature
      id="aatDSL.feature"
      label="AatDSL Feature "
      version="1.0.0.qualifier">

   <requires>
      <import plugin="org.eclipse.xtext"/>
      <import plugin="org.eclipse.xtext.xbase"/>
      <import plugin="org.eclipse.equinox.common" version="3.5.0" match="greaterOrEqual"/>
      <import plugin="org.eclipse.emf.ecore"/>
      <import plugin="org.eclipse.xtext.xbase.lib" version="2.14.0" match="greaterOrEqual"/>
      <import plugin="org.eclipse.xtext.util"/>
      <import plugin="org.eclipse.emf.common"/>
      <import plugin="org.antlr.runtime" version="3.2.0" match="perfect"/>
      <import plugin="org.eclipse.emf.ecore.xcore.lib"/>
      <import plugin="org.apache.log4j"/>
      <import plugin="org.eclipse.xtext.ide"/>
      <import plugin="org.eclipse.xtext.xbase.ide"/>
      <import plugin="org.eclipse.xtext.ui"/>
      <import plugin="org.eclipse.xtext.ui.shared"/>
      <import plugin="org.eclipse.xtext.ui.codetemplates.ui"/>
      <import plugin="org.eclipse.ui.editors" version="3.5.0" match="greaterOrEqual"/>
      <import plugin="org.eclipse.ui.ide" version="3.5.0" match="greaterOrEqual"/>
      <import plugin="org.eclipse.ui"/>
      <import plugin="org.eclipse.compare"/>
      <import plugin="org.eclipse.xtext.builder"/>
   </requires>

   <plugin
         id="aatDSL"
         download-size="0"
         install-size="0"
         version="0.0.0"
         unpack="false"/>

   <plugin
         id="aatDSL.ide"
         download-size="0"
         install-size="0"
         version="0.0.0"
         unpack="false"/>

   <plugin
         id="aatDSL.ui"
         download-size="0"
         install-size="0"
         version="0.0.0"
         unpack="false"/>

</feature>
